{"clusters": 1024, "final_clusters": 1024, "mapping_resolution": 64, "input_resolution": 2048, "num_precompute_identifiers": 100, "num_eval_identifiers": 100, "mean_average_error": 10.586575176715714, "mean_squared_error": 362.2103776049559, "unique_points": 1429110, "uniques_time": 9.11066484451294, "identifiers_time": 907.615669965744, "kmeans_time": 10393.131413698196, "cluster_finding_time": 3908.894101381302, "octahedral_map_time": 56.55544376373291, "labels_assigning_time": 8.509854316711426, "deduplicating_time": 0.01953721046447754, "total_time": 15289.737608194351, "mae_time": 4542.08230638504}