{"clusters": 1, "mapping_resolution": 1, "input_resolution": 2048, "num_precompute_identifiers": 100, "num_eval_identifiers": 100, "mean_average_error": 15.042820932865073, "mean_squared_error": 792.5021476833405, "unique_points": 1429110, "uniques_time": 7.714414358139038, "identifiers_time": 741.6891026496887, "kmeans_time": 9.537314891815186, "cluster_finding_time": 3.7465240955352783, "octahedral_map_time": 0.0, "labels_assigning_time": 1.6766231060028076, "total_time": 768.2621638774872, "mae_time": 3329.491688489914}