{"clusters": 1, "final_clusters": 1, "mapping_resolution": 64, "input_resolution": 2048, "num_precompute_identifiers": 100, "num_eval_identifiers": 100, "mean_average_error": 12.932795043786971, "mean_squared_error": 609.744871002032, "unique_points": 1429110, "uniques_time": 8.586010456085205, "identifiers_time": 813.0314021110535, "kmeans_time": 9.283909797668457, "cluster_finding_time": 3.4123456478118896, "octahedral_map_time": 0.08774042129516602, "labels_assigning_time": 1.671403169631958, "deduplicating_time": 0.014528036117553711, "total_time": 839.2595598697662, "mae_time": 3301.201008081436}