{"clusters": 256, "mapping_resolution": 256, "input_resolution": 2048, "num_precompute_identifiers": 100, "num_eval_identifiers": 100, "total_error": 10.751566176414862, "unique_points": 1429110, "uniques_time": 7.79243278503418, "identifiers_time": 740.6225390434265, "kmeans_time": 2702.3777520656586, "cluster_finding_time": 967.9895157814026, "octahedral_map_time": 217.75099897384644, "labels_assigning_time": 2.8744025230407715, "total_time": 4645.158342838287, "mae_time": 2721.190599679947}