{"clusters": 1, "mapping_resolution": 1, "input_resolution": 2048, "num_precompute_identifiers": 100, "num_eval_identifiers": 100, "total_error": 15.042820932865073, "unique_points": 1429110, "uniques_time": 7.894447326660156, "identifiers_time": 749.9395532608032, "kmeans_time": 9.498760223388672, "cluster_finding_time": 3.6849451065063477, "octahedral_map_time": 0.0009992122650146484, "labels_assigning_time": 1.6825499534606934, "total_time": 776.2312979698181, "mae_time": 2662.304852247238}