{"clusters": 16, "mapping_resolution": 64, "input_resolution": 2048, "num_precompute_identifiers": 100, "num_eval_identifiers": 100, "total_error": 11.150938755670994, "unique_points": 1429110, "uniques_time": 8.523465156555176, "identifiers_time": 767.9348316192627, "kmeans_time": 384.5826714038849, "cluster_finding_time": 65.20824313163757, "octahedral_map_time": 0.9278087615966797, "labels_assigning_time": 1.889307975769043, "total_time": 1233.2630803585052, "mae_time": 2772.455040693283}