{"clusters": 256, "mapping_resolution": 64, "input_resolution": 2048, "num_precompute_identifiers": 100, "num_eval_identifiers": 100, "total_error": 10.636769535541971, "unique_points": 1429110, "uniques_time": 7.95581579208374, "identifiers_time": 743.0674872398376, "kmeans_time": 2319.247360944748, "cluster_finding_time": 914.1594853401184, "octahedral_map_time": 13.309669971466064, "labels_assigning_time": 2.591759204864502, "total_time": 4004.33154964447, "mae_time": 2634.8130621910095}