{"clusters": 16, "mapping_resolution": 64, "input_resolution": 2048, "num_precompute_identifiers": 100, "num_eval_identifiers": 100, "mean_average_error": 11.150938755670994, "mean_squared_error": 409.15296550592495, "unique_points": 1429110, "uniques_time": 7.959789752960205, "identifiers_time": 751.0786848068237, "kmeans_time": 351.2222263813019, "cluster_finding_time": 59.692089557647705, "octahedral_map_time": 0.8802237510681152, "labels_assigning_time": 1.7171540260314941, "total_time": 1176.494809627533, "mae_time": 3393.885541200638}