{"clusters": 256, "mapping_resolution": 64, "input_resolution": 2048, "num_precompute_identifiers": 100, "num_eval_identifiers": 100, "mean_average_error": 10.636769535541971, "mean_squared_error": 367.1145368123187, "unique_points": 1429110, "uniques_time": 8.729374408721924, "identifiers_time": 776.0548775196075, "kmeans_time": 2902.0692195892334, "cluster_finding_time": 1149.1600947380066, "octahedral_map_time": 34.86577320098877, "labels_assigning_time": 5.210101842880249, "total_time": 4884.237986087799, "mae_time": 4551.478414297104}