{"clusters": 1, "mapping_resolution": 1, "input_resolution": 2048, "num_precompute_identifiers": 60, "num_eval_identifiers": 60, "total_error": 15.041478428576111, "unique_points": 1429110, "uniques_time": 7.444682359695435, "identifiers_time": 452.2389786243439, "kmeans_time": 5.764348983764648, "cluster_finding_time": 2.1663341522216797, "octahedral_map_time": 0.0, "labels_assigning_time": 0.996711015701294, "total_time": 471.09921741485596, "mae_time": 1791.8842434883118}