{"clusters": 256, "mapping_resolution": 256, "input_resolution": 2048, "num_precompute_identifiers": 100, "num_eval_identifiers": 100, "mean_average_error": 10.751566176414862, "mean_squared_error": 367.3574576822953, "unique_points": 1429110, "uniques_time": 9.390376806259155, "identifiers_time": 821.5405886173248, "kmeans_time": 2659.243325471878, "cluster_finding_time": 941.4435591697693, "octahedral_map_time": 216.74584937095642, "labels_assigning_time": 2.786790609359741, "total_time": 4656.967589139938, "mae_time": 3216.3906717300415}