{"clusters": 16, "mapping_resolution": 256, "input_resolution": 2048, "num_precompute_identifiers": 100, "num_eval_identifiers": 100, "mean_average_error": 11.211553901831257, "mean_squared_error": 409.2585287149743, "unique_points": 1429110, "uniques_time": 8.128799676895142, "identifiers_time": 775.8667771816254, "kmeans_time": 354.04105138778687, "cluster_finding_time": 62.93303942680359, "octahedral_map_time": 14.230074405670166, "labels_assigning_time": 1.8335974216461182, "total_time": 1221.1932191848755, "mae_time": 3125.729036092758}