{"clusters": 2048, "final_clusters": 2048, "mapping_resolution": 64, "input_resolution": 2048, "num_precompute_identifiers": 100, "num_eval_identifiers": 100, "mean_average_error": 10.5784076674781, "mean_squared_error": 361.08471219700726, "unique_points": 1429110, "uniques_time": 8.143667459487915, "identifiers_time": 757.733701467514, "kmeans_time": 24364.56313061714, "cluster_finding_time": 9192.374726772308, "octahedral_map_time": 156.0666627883911, "labels_assigning_time": 21.088971853256226, "deduplicating_time": 0.030056476593017578, "total_time": 34509.05257129669, "mae_time": 3817.163295984268}