{"clusters": 1024, "mapping_resolution": 64, "input_resolution": 2048, "num_precompute_identifiers": 100, "num_eval_identifiers": 100, "mean_average_error": 10.586575176715714, "mean_squared_error": 362.2103776049559, "unique_points": 1429110, "uniques_time": 8.48378610610962, "identifiers_time": 770.2155344486237, "kmeans_time": 10198.240660190582, "cluster_finding_time": 3779.184140920639, "octahedral_map_time": 55.2939395904541, "labels_assigning_time": 7.613887071609497, "total_time": 14825.71027636528, "mae_time": 3399.9046409130096}