{"clusters": 64, "final_clusters": 64, "mapping_resolution": 64, "input_resolution": 2048, "num_precompute_identifiers": 100, "num_eval_identifiers": 100, "mean_average_error": 10.788515191872918, "mean_squared_error": 379.223121736028, "unique_points": 1429110, "uniques_time": 7.997127532958984, "identifiers_time": 747.2821714878082, "kmeans_time": 922.8361232280731, "cluster_finding_time": 240.92310118675232, "octahedral_map_time": 3.4413371086120605, "labels_assigning_time": 1.8615095615386963, "deduplicating_time": 0.0169985294342041, "total_time": 1928.7084999084473, "mae_time": 2972.168062210083}