{"clusters": 16, "final_clusters": 16, "mapping_resolution": 64, "input_resolution": 2048, "num_precompute_identifiers": 100, "num_eval_identifiers": 100, "mean_average_error": 11.150938755670994, "mean_squared_error": 409.15296550592495, "unique_points": 1429110, "uniques_time": 8.075305938720703, "identifiers_time": 752.2288265228271, "kmeans_time": 348.75218510627747, "cluster_finding_time": 61.149529457092285, "octahedral_map_time": 0.8961846828460693, "labels_assigning_time": 1.879828929901123, "deduplicating_time": 0.014999866485595703, "total_time": 1176.9494602680206, "mae_time": 3276.9812495708466}