{"clusters": 16, "mapping_resolution": 256, "input_resolution": 2048, "num_precompute_identifiers": 100, "num_eval_identifiers": 100, "total_error": 11.211553901831257, "unique_points": 1429110, "uniques_time": 8.46718430519104, "identifiers_time": 771.7025306224823, "kmeans_time": 375.94159293174744, "cluster_finding_time": 63.756535053253174, "octahedral_map_time": 13.915619850158691, "labels_assigning_time": 1.8684792518615723, "total_time": 1240.0289237499237, "mae_time": 3125.047568321228}