{"clusters": 256, "final_clusters": 256, "mapping_resolution": 64, "input_resolution": 2048, "num_precompute_identifiers": 100, "num_eval_identifiers": 100, "mean_average_error": 10.636769535541971, "mean_squared_error": 367.1145368123187, "unique_points": 1429110, "uniques_time": 8.446185111999512, "identifiers_time": 764.6701743602753, "kmeans_time": 2755.8722281455994, "cluster_finding_time": 1167.4042165279388, "octahedral_map_time": 17.61824369430542, "labels_assigning_time": 3.280484676361084, "deduplicating_time": 0.020778417587280273, "total_time": 4723.129719018936, "mae_time": 3769.901201725006}