{"clusters": 4, "final_clusters": 4, "mapping_resolution": 64, "input_resolution": 2048, "num_precompute_identifiers": 100, "num_eval_identifiers": 100, "mean_average_error": 11.867780936558955, "mean_squared_error": 476.3783554220175, "unique_points": 1429110, "uniques_time": 7.745322227478027, "identifiers_time": 734.5852651596069, "kmeans_time": 91.03641438484192, "cluster_finding_time": 14.87935757637024, "octahedral_map_time": 0.2389848232269287, "labels_assigning_time": 1.655149221420288, "deduplicating_time": 0.015000104904174805, "total_time": 853.9108185768127, "mae_time": 2974.856286048889}